HostName,DNSHost,Port
default_host,all,13901
default_host,all,13902
default_host,all,13903
default_host,all,13904
default_host,all,13905
default_host,all,13906
default_host,all,13907
default_host,all,13908
default_host,all,13909
default_host,all,13910
default_host,all,13911
default_host,all,13912
default_host,all,13913
default_host,all,13914
default_host,all,13915
default_host,all,13916
default_host,all,13917
default_host,all,13918
default_host,all,13919
default_host,all,13920
default_host,all,14001
default_host,all,14002
default_host,all,14003
default_host,all,14004
default_host,all,14005
default_host,all,14006
default_host,all,14007
default_host,all,14008
default_host,all,14009
default_host,all,14010
default_host,all,14011
default_host,all,14012
default_host,all,14013
default_host,all,14014
default_host,all,14015
default_host,all,14016
default_host,all,14017
default_host,all,14018
default_host,all,14019
default_host,all,14020
default_host,all,23901
default_host,all,23902
default_host,all,23903
default_host,all,23904
default_host,all,23905
default_host,all,23906
default_host,all,23907
default_host,all,23908
default_host,all,23909
default_host,all,23910
default_host,all,23911
default_host,all,23912
default_host,all,23913
default_host,all,23914
default_host,all,23915
default_host,all,23916
default_host,all,23917
default_host,all,23918
default_host,all,23919
default_host,all,23920
default_host,all,24001
default_host,all,24002
default_host,all,24003
default_host,all,24004
default_host,all,24005
default_host,all,24006
default_host,all,24007
default_host,all,24008
default_host,all,24009
default_host,all,24010
default_host,all,24011
default_host,all,24012
default_host,all,24013
default_host,all,24014
default_host,all,24015
default_host,all,24016
default_host,all,24017
default_host,all,24018
default_host,all,24019
default_host,all,24020
default_host,all,33901
default_host,all,33902
default_host,all,33903
default_host,all,33904
default_host,all,33905
default_host,all,33906
default_host,all,33907
default_host,all,33908
default_host,all,33909
default_host,all,33910
default_host,all,33911
default_host,all,33912
default_host,all,33913
default_host,all,33914
default_host,all,33915
default_host,all,33916
default_host,all,33917
default_host,all,33918
default_host,all,33919
default_host,all,33920
default_host,all,34001
default_host,all,34002
default_host,all,34003
default_host,all,34004
default_host,all,34005
default_host,all,34006
default_host,all,34007
default_host,all,34008
default_host,all,34009
default_host,all,34010
default_host,all,34011
default_host,all,34012
default_host,all,34013
default_host,all,34014
default_host,all,34015
default_host,all,34016
default_host,all,34017
default_host,all,34018
default_host,all,34019
default_host,all,34020
default_host,all,8001
default_host,all,8002
default_host,all,8003
default_host,all,8004
default_host,all,8005
default_host,all,8006
default_host,all,8007
default_host,all,8008
default_host,all,8009
default_host,all,8010
default_host,all,8011
default_host,all,8012
default_host,all,8013
default_host,all,8014
default_host,all,8015
default_host,all,8016
default_host,all,8017
default_host,all,8018
default_host,all,8019
default_host,all,8020
