Cluster_Name,Entry_Name,Value
DCCDC_ONLINE,IBM_HEAPDUMP,TRUE
DCCDC_ONLINE,IBM_HEAPDUMPDIR,/wasdump/${WAS_SERVER_NAME}
DCCDC_ONLINE,IBM_HEAPDUMP_OUTOFMEMORY,TRUE
DCCDC_ONLINE,IBM_HEAP_DUMP,TRUE
DCCDC_ONLINE,IBM_JAVACOREDIR,/wasdump/${WAS_SERVER_NAME}
DCCDC_ONLINE,IBM_JAVADUMP_OUTOFMEMORY,TRUE
DCCDC_PROCESS,IBM_HEAPDUMP,TRUE
DCCDC_PROCESS,IBM_HEAPDUMPDIR,/wasdump/${WAS_SERVER_NAME}
DCCDC_PROCESS,IBM_HEAPDUMP_OUTOFMEMORY,TRUE
DCCDC_PROCESS,IBM_HEAP_DUMP,TRUE
DCCDC_PROCESS,IBM_JAVACOREDIR,/wasdump/${WAS_SERVER_NAME}
DCCDC_PROCESS,IBM_JAVADUMP_OUTOFMEMORY,TRUE
DCCDC_SIB,IBM_HEAPDUMP,TRUE
DCCDC_SIB,IBM_HEAPDUMPDIR,/wasdump/${WAS_SERVER_NAME}
DCCDC_SIB,IBM_HEAPDUMP_OUTOFMEMORY,TRUE
DCCDC_SIB,IBM_HEAP_DUMP,TRUE
DCCDC_SIB,IBM_JAVACOREDIR,/wasdump/${WAS_SERVER_NAME}
DCCDC_SIB,IBM_JAVADUMP_OUTOFMEMORY,TRUE
DCRCDC_ONLINE,IBM_HEAPDUMP,TRUE
DCRCDC_ONLINE,IBM_HEAPDUMPDIR,/wasdump/${WAS_SERVER_NAME}
DCRCDC_ONLINE,IBM_HEAPDUMP_OUTOFMEMORY,TRUE
DCRCDC_ONLINE,IBM_HEAP_DUMP,TRUE
DCRCDC_ONLINE,IBM_JAVACOREDIR,/wasdump/${WAS_SERVER_NAME}
DCRCDC_ONLINE,IBM_JAVADUMP_OUTOFMEMORY,TRUE
DCRCDC_PROCESS,IBM_HEAPDUMP,TRUE
DCRCDC_PROCESS,IBM_HEAPDUMPDIR,/wasdump/${WAS_SERVER_NAME}
DCRCDC_PROCESS,IBM_HEAPDUMP_OUTOFMEMORY,TRUE
DCRCDC_PROCESS,IBM_HEAP_DUMP,TRUE
DCRCDC_PROCESS,IBM_JAVACOREDIR,/wasdump/${WAS_SERVER_NAME}
DCRCDC_PROCESS,IBM_JAVADUMP_OUTOFMEMORY,TRUE
DCRCDC_SIB,IBM_HEAPDUMP,TRUE
DCRCDC_SIB,IBM_HEAPDUMPDIR,/wasdump/${WAS_SERVER_NAME}
DCRCDC_SIB,IBM_HEAPDUMP_OUTOFMEMORY,TRUE
DCRCDC_SIB,IBM_HEAP_DUMP,TRUE
DCRCDC_SIB,IBM_JAVACOREDIR,/wasdump/${WAS_SERVER_NAME}
DCRCDC_SIB,IBM_JAVADUMP_OUTOFMEMORY,TRUE
DCPDC_ONLINE,IBM_HEAPDUMP,TRUE
DCPDC_ONLINE,IBM_HEAPDUMPDIR,/wasdump/${WAS_SERVER_NAME}
DCPDC_ONLINE,IBM_HEAPDUMP_OUTOFMEMORY,TRUE
DCPDC_ONLINE,IBM_HEAP_DUMP,TRUE
DCPDC_ONLINE,IBM_JAVACOREDIR,/wasdump/${WAS_SERVER_NAME}
DCPDC_ONLINE,IBM_JAVADUMP_OUTOFMEMORY,TRUE
DCPDC_PROCESS,IBM_HEAPDUMP,TRUE
DCPDC_PROCESS,IBM_HEAPDUMPDIR,/wasdump/${WAS_SERVER_NAME}
DCPDC_PROCESS,IBM_HEAPDUMP_OUTOFMEMORY,TRUE
DCPDC_PROCESS,IBM_HEAP_DUMP,TRUE
DCPDC_PROCESS,IBM_JAVACOREDIR,/wasdump/${WAS_SERVER_NAME}
DCPDC_PROCESS,IBM_JAVADUMP_OUTOFMEMORY,TRUE
DCPDC_SIB,IBM_HEAPDUMP,TRUE
DCPDC_SIB,IBM_HEAPDUMPDIR,/wasdump/${WAS_SERVER_NAME}
DCPDC_SIB,IBM_HEAPDUMP_OUTOFMEMORY,TRUE
DCPDC_SIB,IBM_HEAP_DUMP,TRUE
DCPDC_SIB,IBM_JAVACOREDIR,/wasdump/${WAS_SERVER_NAME}
DCPDC_SIB,IBM_JAVADUMP_OUTOFMEMORY,TRUE
DCODC_ONLINE,IBM_HEAPDUMP,TRUE
DCODC_ONLINE,IBM_HEAPDUMPDIR,/wasdump/${WAS_SERVER_NAME}
DCODC_ONLINE,IBM_HEAPDUMP_OUTOFMEMORY,TRUE
DCODC_ONLINE,IBM_HEAP_DUMP,TRUE
DCODC_ONLINE,IBM_JAVACOREDIR,/wasdump/${WAS_SERVER_NAME}
DCODC_ONLINE,IBM_JAVADUMP_OUTOFMEMORY,TRUE
DCODC_PROCESS,IBM_HEAPDUMP,TRUE
DCODC_PROCESS,IBM_HEAPDUMPDIR,/wasdump/${WAS_SERVER_NAME}
DCODC_PROCESS,IBM_HEAPDUMP_OUTOFMEMORY,TRUE
DCODC_PROCESS,IBM_HEAP_DUMP,TRUE
DCODC_PROCESS,IBM_JAVACOREDIR,/wasdump/${WAS_SERVER_NAME}
DCODC_PROCESS,IBM_JAVADUMP_OUTOFMEMORY,TRUE
DCODC_SIB,IBM_HEAPDUMP,TRUE
DCODC_SIB,IBM_HEAPDUMPDIR,/wasdump/${WAS_SERVER_NAME}
DCODC_SIB,IBM_HEAPDUMP_OUTOFMEMORY,TRUE
DCODC_SIB,IBM_HEAP_DUMP,TRUE
DCODC_SIB,IBM_JAVACOREDIR,/wasdump/${WAS_SERVER_NAME}
DCODC_SIB,IBM_JAVADUMP_OUTOFMEMORY,TRUE
DCGRP_ONLINE,IBM_HEAPDUMP,TRUE
DCGRP_ONLINE,IBM_HEAPDUMPDIR,/wasdump/${WAS_SERVER_NAME}
DCGRP_ONLINE,IBM_HEAPDUMP_OUTOFMEMORY,TRUE
DCGRP_ONLINE,IBM_HEAP_DUMP,TRUE
DCGRP_ONLINE,IBM_JAVACOREDIR,/wasdump/${WAS_SERVER_NAME}
DCGRP_ONLINE,IBM_JAVADUMP_OUTOFMEMORY,TRUE
DCGRP_PROCESS,IBM_HEAPDUMP,TRUE
DCGRP_PROCESS,IBM_HEAPDUMPDIR,/wasdump/${WAS_SERVER_NAME}
DCGRP_PROCESS,IBM_HEAPDUMP_OUTOFMEMORY,TRUE
DCGRP_PROCESS,IBM_HEAP_DUMP,TRUE
DCGRP_PROCESS,IBM_JAVACOREDIR,/wasdump/${WAS_SERVER_NAME}
DCGRP_PROCESS,IBM_JAVADUMP_OUTOFMEMORY,TRUE
DCGRP_SIB,IBM_HEAPDUMP,TRUE
DCGRP_SIB,IBM_HEAPDUMPDIR,/wasdump/${WAS_SERVER_NAME}
DCGRP_SIB,IBM_HEAPDUMP_OUTOFMEMORY,TRUE
DCGRP_SIB,IBM_HEAP_DUMP,TRUE
DCGRP_SIB,IBM_JAVACOREDIR,/wasdump/${WAS_SERVER_NAME}
DCGRP_SIB,IBM_JAVADUMP_OUTOFMEMORY,TRUE
DCMH_ONLINE,IBM_HEAPDUMP,TRUE
DCMH_ONLINE,IBM_HEAPDUMPDIR,/wasdump/${WAS_SERVER_NAME}
DCMH_ONLINE,IBM_HEAPDUMP_OUTOFMEMORY,TRUE
DCMH_ONLINE,IBM_HEAP_DUMP,TRUE
DCMH_ONLINE,IBM_JAVACOREDIR,/wasdump/${WAS_SERVER_NAME}
DCMH_ONLINE,IBM_JAVADUMP_OUTOFMEMORY,TRUE
DCMH_PROCESS,IBM_HEAPDUMP,TRUE
DCMH_PROCESS,IBM_HEAPDUMPDIR,/wasdump/${WAS_SERVER_NAME}
DCMH_PROCESS,IBM_HEAPDUMP_OUTOFMEMORY,TRUE
DCMH_PROCESS,IBM_HEAP_DUMP,TRUE
DCMH_PROCESS,IBM_JAVACOREDIR,/wasdump/${WAS_SERVER_NAME}
DCMH_PROCESS,IBM_JAVADUMP_OUTOFMEMORY,TRUE
DCMH_SIB,IBM_HEAPDUMP,TRUE
DCMH_SIB,IBM_HEAPDUMPDIR,/wasdump/${WAS_SERVER_NAME}
DCMH_SIB,IBM_HEAPDUMP_OUTOFMEMORY,TRUE
DCMH_SIB,IBM_HEAP_DUMP,TRUE
DCMH_SIB,IBM_JAVACOREDIR,/wasdump/${WAS_SERVER_NAME}
DCMH_SIB,IBM_JAVADUMP_OUTOFMEMORY,TRUE
DCBDC_ONLINE,IBM_HEAPDUMP,TRUE
DCBDC_ONLINE,IBM_HEAPDUMPDIR,/wasdump/${WAS_SERVER_NAME}
DCBDC_ONLINE,IBM_HEAPDUMP_OUTOFMEMORY,TRUE
DCBDC_ONLINE,IBM_HEAP_DUMP,TRUE
DCBDC_ONLINE,IBM_JAVACOREDIR,/wasdump/${WAS_SERVER_NAME}
DCBDC_ONLINE,IBM_JAVADUMP_OUTOFMEMORY,TRUE
DCBDC_PROCESS,IBM_HEAPDUMP,TRUE
DCBDC_PROCESS,IBM_HEAPDUMPDIR,/wasdump/${WAS_SERVER_NAME}
DCBDC_PROCESS,IBM_HEAPDUMP_OUTOFMEMORY,TRUE
DCBDC_PROCESS,IBM_HEAP_DUMP,TRUE
DCBDC_PROCESS,IBM_JAVACOREDIR,/wasdump/${WAS_SERVER_NAME}
DCBDC_PROCESS,IBM_JAVADUMP_OUTOFMEMORY,TRUE
DCBDC_SIB,IBM_HEAPDUMP,TRUE
DCBDC_SIB,IBM_HEAPDUMPDIR,/wasdump/${WAS_SERVER_NAME}
DCBDC_SIB,IBM_HEAPDUMP_OUTOFMEMORY,TRUE
DCBDC_SIB,IBM_HEAP_DUMP,TRUE
DCBDC_SIB,IBM_JAVACOREDIR,/wasdump/${WAS_SERVER_NAME}
DCBDC_SIB,IBM_JAVADUMP_OUTOFMEMORY,TRUE