Cluster_Name,JDBC_Name,Data_Source_Name,JNDI_Name,Authen_Alias,DatabaseURL,Scope
TEMP_ONLINE,Oracle JDBC Driver (XA),FS_XA_DATASOURCE,jdbc/fs_xa,sestamn01DmgrNode01/FS,jdbc:oracle:thin:@(DESCRIPTION=(ADDRESS_LIST=(ADDRESS=(PROTOCOL=TCP)(HOST=seexadb-scan1.cpall.co.th)(PORT=1521))(ADDRESS=(PROTOCOL=TCP)(HOST=seexadb-scan2.cpall.co.th)(PORT=1521))(ADDRESS=(PROTOCOL=TCP)(HOST=seexadb-scan3.cpall.co.th)(PORT=1521)))(CONNECT_DATA=(SERVER=DEDICATED)(SERVICE_NAME=fsprd)(FAILOVER_MODE=(TYPE=SELECT)(METHOD=BASIC)(RETRIES=2)(DELAY=1)))),Cluster
TEMP_ONLINE,Oracle JDBC Driver (XA),FS_XA_DATASOURCE,jdbc/fs_xa,sestamn01DmgrNode01/FS,jdbc:oracle:thin:@(DESCRIPTION=(ADDRESS_LIST=(ADDRESS=(PROTOCOL=TCP)(HOST=seexadb-scan1.cpall.co.th)(PORT=1521))(ADDRESS=(PROTOCOL=TCP)(HOST=seexadb-scan2.cpall.co.th)(PORT=1521))(ADDRESS=(PROTOCOL=TCP)(HOST=seexadb-scan3.cpall.co.th)(PORT=1521)))(CONNECT_DATA=(SERVER=DEDICATED)(SERVICE_NAME=fsprd)(FAILOVER_MODE=(TYPE=SELECT)(METHOD=BASIC)(RETRIES=2)(DELAY=1)))),Cluster
TEMP_ONLINE,Oracle JDBC Driver (XA),FS_XA_DATASOURCE,jdbc/fs_xa,sestamn01DmgrNode01/FS,jdbc:oracle:thin:@(DESCRIPTION=(ADDRESS_LIST=(ADDRESS=(PROTOCOL=TCP)(HOST=seexadb-scan1.cpall.co.th)(PORT=1521))(ADDRESS=(PROTOCOL=TCP)(HOST=seexadb-scan2.cpall.co.th)(PORT=1521))(ADDRESS=(PROTOCOL=TCP)(HOST=seexadb-scan3.cpall.co.th)(PORT=1521)))(CONNECT_DATA=(SERVER=DEDICATED)(SERVICE_NAME=fsprd)(FAILOVER_MODE=(TYPE=SELECT)(METHOD=BASIC)(RETRIES=2)(DELAY=1)))),Cluster
TEMP_ONLINE,Oracle JDBC Driver (XA),STA_BATCHPROCESS,jdbc/BatchProcess,sestamn01DmgrNode01/STACC,jdbc:oracle:thin:@(DESCRIPTION=(ADDRESS_LIST=(ADDRESS=(PROTOCOL=TCP)(HOST=seexadb-scan1.cpall.co.th)(PORT=1521))(ADDRESS=(PROTOCOL=TCP)(HOST=seexadb-scan2.cpall.co.th)(PORT=1521))(ADDRESS=(PROTOCOL=TCP)(HOST=seexadb-scan3.cpall.co.th)(PORT=1521)))(CONNECT_DATA=(SERVER=DEDICATED)(SERVICE_NAME=saprd)(FAILOVER_MODE=(TYPE=SELECT)(METHOD=BASIC)(RETRIES=2)(DELAY=1)))),Cluster
TEMP_ONLINE,Oracle JDBC Driver (XA),STA_BATCHPROCESS,jdbc/BatchProcess,sestamn01DmgrNode01/STACC,jdbc:oracle:thin:@(DESCRIPTION=(ADDRESS_LIST=(ADDRESS=(PROTOCOL=TCP)(HOST=seexadb-scan1.cpall.co.th)(PORT=1521))(ADDRESS=(PROTOCOL=TCP)(HOST=seexadb-scan2.cpall.co.th)(PORT=1521))(ADDRESS=(PROTOCOL=TCP)(HOST=seexadb-scan3.cpall.co.th)(PORT=1521)))(CONNECT_DATA=(SERVER=DEDICATED)(SERVICE_NAME=saprd)(FAILOVER_MODE=(TYPE=SELECT)(METHOD=BASIC)(RETRIES=2)(DELAY=1)))),Cluster
TEMP_ONLINE,Oracle JDBC Driver (XA),STA_BATCHPROCESS,jdbc/BatchProcess,sestamn01DmgrNode01/STACC,jdbc:oracle:thin:@(DESCRIPTION=(ADDRESS_LIST=(ADDRESS=(PROTOCOL=TCP)(HOST=seexadb-scan1.cpall.co.th)(PORT=1521))(ADDRESS=(PROTOCOL=TCP)(HOST=seexadb-scan2.cpall.co.th)(PORT=1521))(ADDRESS=(PROTOCOL=TCP)(HOST=seexadb-scan3.cpall.co.th)(PORT=1521)))(CONNECT_DATA=(SERVER=DEDICATED)(SERVICE_NAME=saprd)(FAILOVER_MODE=(TYPE=SELECT)(METHOD=BASIC)(RETRIES=2)(DELAY=1)))),Cluster
TEMP_ONLINE,Oracle JDBC Driver (XA),STA_SCHEDULER,jdbc/Scheduler,sestamn01DmgrNode01/STACC,jdbc:oracle:thin:@(DESCRIPTION=(ADDRESS_LIST=(ADDRESS=(PROTOCOL=TCP)(HOST=seexadb-scan1.cpall.co.th)(PORT=1521))(ADDRESS=(PROTOCOL=TCP)(HOST=seexadb-scan2.cpall.co.th)(PORT=1521))(ADDRESS=(PROTOCOL=TCP)(HOST=seexadb-scan3.cpall.co.th)(PORT=1521)))(CONNECT_DATA=(SERVER=DEDICATED)(SERVICE_NAME=saprd)(FAILOVER_MODE=(TYPE=SELECT)(METHOD=BASIC)(RETRIES=2)(DELAY=1)))),Cluster
